Store,Store_Sales_mean,Store_Customers_mean
1.0,3967.7216117216117,478.2102376599634
2.0,4058.5737704918033,486.0536044362292
3.0,5722.417744916821,622.8228782287823
4.0,7792.431985294118,1088.1139705882354
5.0,3840.951351351351,445.92124542124543
6.0,4844.719780219781,562.3591160220994
7.0,7189.987084870849,781.589219330855
8.0,4249.853159851301,516.3111111111111
9.0,5016.252747252747,452.85820895522386
10.0,4515.118081180812,489.80545454545455
11.0,6553.763940520446,935.2293233082706
12.0,6159.551470588235,741.9104204753199
13.0,4068.972709551657,318.7065868263473
14.0,4495.46983546618,520.7504621072088
15.0,5374.989051094891,545.3591160220994
16.0,6113.109057301294,692.016333938294
17.0,5180.531135531135,659.1480804387569
18.0,5148.552727272728,579.7327272727273
19.0,5115.648451730419,511.14625228519196
20.0,6141.260700389105,687.5325443786983
21.0,4438.892138939671,430.316758747698
22.0,3669.9239766081873,416.52215799614646
23.0,4519.510242085661,393.6790352504638
24.0,7420.493530499076,677.7490706319703
25.0,8746.11743119266,1229.1722222222222
26.0,5401.667896678967,458.6022304832714
27.0,7709.623161764706,885.5776965265082
28.0,4568.899441340782,509.148623853211
29.0,5610.352087114337,511.20181818181817
30.0,4654.63088512241,692.2490636704119
31.0,4850.889298892989,487.66238532110094
32.0,3309.084452975048,390.24177949709866
33.0,6934.150557620818,698.7274401473296
34.0,6639.181818181818,827.0290909090909
35.0,7623.9146567718,587.087037037037
36.0,7504.908914728682,899.5956607495069
37.0,5950.423853211009,657.143897996357
38.0,4866.521818181818,441.31941923774957
39.0,3882.750455373406,513.8692449355433
40.0,4142.868068833652,568.712927756654
41.0,4169.534749034749,311.11500974658867
42.0,8197.798913043478,900.7412844036697
43.0,5737.534322820037,519.0628465804067
44.0,4528.399624765479,530.7272727272727
45.0,4369.288602941177,342.73770491803276
46.0,4310.439603960396,541.7406679764243
47.0,5641.644567219153,748.3583180987202
48.0,3395.6301615798925,377.6398537477148
49.0,5775.598880597015,427.060263653484
50.0,3451.4322820037105,290.7940074906367
51.0,5317.372319688109,406.523166023166
52.0,6342.346303501946,432.71150097465886
53.0,4229.397412199631,465.3121495327103
54.0,6486.2495378927915,616.5910780669145
55.0,3533.3708487084873,441.6326530612245
56.0,5590.465930018417,393.0366972477064
57.0,9378.131386861314,868.2974452554745
58.0,4949.017441860465,411.32101167315176
59.0,4550.69741697417,474.34879406307977
60.0,6294.385869565217,572.2669104204754
61.0,3653.2394106813995,455.15567765567766
62.0,5294.375,595.8022181146026
63.0,5576.854748603352,525.8308823529412
64.0,8096.564814814815,632.760667903525
65.0,4160.112962962963,378.69888475836433
66.0,4955.173674588666,432.021897810219
67.0,6396.860550458716,652.5472727272727
68.0,6004.156648451731,939.1507352941177
69.0,7988.100746268657,990.252319109462
70.0,5449.404332129964,571.0128676470588
71.0,7374.719851576994,613.414364640884
72.0,3664.593810444874,395.5438596491228
73.0,3720.6911487758944,411.34026465028353
74.0,5122.731884057971,703.7803992740472
75.0,4847.588235294118,527.6433823529412
76.0,7293.062992125984,758.7885375494071
77.0,6093.053604436229,543.7710622710623
78.0,3008.223659889094,412.190036900369
79.0,4441.205828779599,461.98710865561696
80.0,6105.169741697417,467.32958801498125
81.0,5621.765267175572,460.7858508604206
82.0,7380.633517495396,687.3996350364963
83.0,3150.3003663003665,282.8165137614679
84.0,10558.274074074074,1147.1888888888889
85.0,7189.968864468865,1011.0092421441775
86.0,3824.2412523020257,501.6672862453532
87.0,4886.001865671642,614.5863970588235
88.0,4961.110294117647,508.6648148148148
89.0,4846.333984375,510.084452975048
90.0,6795.374087591241,866.3603603603603
91.0,4872.061818181818,554.9330922242315
92.0,4727.32156133829,442.15270018621976
93.0,4892.780847145488,503.3115671641791
94.0,5773.585185185185,524.9684014869888
95.0,6503.318098720292,725.1059479553903
96.0,4136.6087751371115,443.56537753222835
97.0,5356.224074074074,564.627949183303
98.0,3997.558878504673,360.073664825046
99.0,3996.283203125,368.3155818540434
100.0,6153.406614785992,538.0271844660194
101.0,5998.670391061452,639.9026217228464
102.0,5603.04347826087,863.992766726944
103.0,2551.4685185185185,231.55432780847144
104.0,8302.309963099631,1094.5055555555555
105.0,3184.6183486238533,372.17518248175185
106.0,6938.860902255639,667.2987012987013
107.0,5882.412199630314,779.3609576427256
108.0,8598.71626984127,684.7530120481928
109.0,5215.035250463822,609.1127819548872
110.0,3813.0560578661843,495.77106227106225
111.0,5560.443820224719,498.1978221415608
112.0,5087.802197802198,643.0945454545455
113.0,6359.084812623274,608.015625
114.0,4431.468164794008,513.0774907749078
115.0,5771.747572815534,442.22286821705427
116.0,6032.26617375231,635.359778597786
117.0,3172.741020793951,404.23308270676694
118.0,6174.574817518248,546.3882783882784
119.0,4948.634328358209,560.0330882352941
120.0,5843.15009380863,528.1775700934579
121.0,3655.697247706422,421.35543278084714
122.0,5917.598165137615,734.4379562043796
123.0,6861.697841726619,797.24773960217
124.0,3552.264220183486,424.67657992565057
125.0,9788.090056285178,1314.4703703703703
126.0,5882.063314711359,465.24
127.0,4245.452107279693,538.2701149425287
128.0,5704.374768089054,468.0520446096654
129.0,7605.455769230769,959.9727626459144
130.0,4175.292364990689,473.01660516605165
131.0,4484.307977736549,479.33150183150184
132.0,4797.5662188099805,455.48627450980393
133.0,5402.237037037037,653.5711645101663
134.0,3917.873857404022,410.8860294117647
135.0,4789.4752293577985,440.49454545454546
136.0,4450.491124260355,349.73046875
137.0,6697.263565891473,776.3229571984435
138.0,5905.087591240876,584.5934065934066
139.0,5250.420634920635,420.33925049309664
140.0,6091.796641791045,792.1959334565619
141.0,4511.681481481482,499.7518796992481
142.0,3781.8173431734317,471.7550274223035
143.0,4934.728624535316,468.89473684210526
144.0,6420.122568093385,613.9803921568628
145.0,6871.860279441118,1068.1520467836258
146.0,6192.851648351649,563.4854545454546
147.0,6641.543233082707,723.7156133828996
148.0,7012.339483394834,674.8440366972477
149.0,4604.398058252427,400.7378640776699
150.0,6660.736462093862,660.0847145488029
151.0,5394.960674157303,529.577067669173
152.0,4537.603669724771,514.3554327808472
153.0,6034.189944134078,534.6585365853658
154.0,6959.191605839416,597.2766726943942
155.0,5552.022944550669,535.1914893617021
156.0,5778.899099099099,599.2536496350365
157.0,7905.685767097967,816.5156537753223
158.0,6613.93956043956,428.9471766848816
159.0,6368.860194174757,577.7709163346614
160.0,4697.7025547445255,461.18498168498166
161.0,5875.50184501845,672.0702402957486
162.0,6329.025878003697,454.75868372943324
163.0,6383.204797047971,751.5285451197053
164.0,5004.678294573643,511.7846153846154
165.0,3267.6193293885603,347.57760314341846
166.0,4928.998141263941,687.955223880597
167.0,7503.238095238095,870.9854545454546
168.0,6160.210131332083,598.0845864661654
169.0,6533.808823529412,625.7124304267162
170.0,4271.742647058823,460.4172794117647
171.0,6895.671586715867,709.9080675422139
172.0,5638.874274661509,712.2626459143969
173.0,6870.917279411765,844.3132969034608
174.0,4760.3015873015875,389.0177865612648
175.0,4676.4655493482305,569.2189239332097
176.0,4358.836397058823,525.2454212454212
177.0,3312.356343283582,407.4440366972477
178.0,8144.795158286778,751.0983302411873
179.0,5847.4627949183305,775.5147058823529
180.0,5955.458563535912,704.1918819188191
181.0,5306.329388560158,554.2815533980582
182.0,4145.306839186691,332.2173112338858
183.0,3827.658301158301,490.9326923076923
184.0,5394.983486238532,493.24363636363637
185.0,5735.606679035251,445.29422718808195
186.0,3022.5513833992095,311.1235294117647
187.0,5136.715867158671,644.2070240295749
188.0,3932.239926739927,352.7767527675277
189.0,7381.545119705341,698.5138121546961
190.0,5715.245098039216,528.5719921104536
191.0,5571.788118811881,584.4173228346457
192.0,6041.085436893204,456.1586073500967
193.0,4411.042435424354,658.2156133828996
194.0,3864.6003717472117,337.5735567970205
195.0,8723.797833935017,1068.577413479053
196.0,4266.451851851852,582.8892988929889
197.0,5702.020446096654,706.7912885662432
198.0,2413.6051188299816,281.8093457943925
199.0,6286.561243144424,503.47080291970804
200.0,6403.662337662337,802.4945054945055
201.0,4239.844890510949,369.5426497277677
202.0,4769.645871559633,409.1925925925926
203.0,5404.849090909091,714.2568306010929
204.0,4390.788349514563,428.8206627680312
205.0,5443.755639097744,738.9567669172932
206.0,5503.272893772893,636.6918819188191
207.0,9367.50553505535,1100.5785582255082
208.0,2409.9418181818182,345.0562613430127
209.0,5131.554104477612,544.1381215469613
210.0,2542.499065420561,270.9194756554307
211.0,10654.711397058823,1226.9468864468865
212.0,3965.968401486989,389.9909090909091
213.0,6468.0,527.0917431192661
214.0,7609.888288288288,594.9835164835165
215.0,5166.295938104448,404.5497076023392
216.0,5943.355311355312,742.1254612546126
217.0,3807.1545623836128,528.3930530164533
218.0,4165.097847358122,583.4050880626223
219.0,2563.111926605505,334.0456204379562
220.0,4055.507326007326,536.9146567717996
221.0,4610.457038391225,450.4171322160149
222.0,4070.7641681901277,464.86861313868616
223.0,5962.53164556962,616.9316081330869
224.0,5111.926335174954,374.19561243144426
225.0,4214.731481481482,462.18430656934305
226.0,6166.30291970803,590.2578849721707
227.0,4692.527472527472,456.93211009174314
228.0,6350.014571948998,483.26411657559197
229.0,6927.990723562152,599.8250460405156
230.0,6043.521978021978,763.1032608695652
231.0,3783.059273422562,319.0233918128655
232.0,2531.9887640449438,233.9776536312849
233.0,7824.793738489871,855.4389799635701
234.0,9016.961038961039,846.1977818853974
235.0,4971.646950092421,424.52389705882354
236.0,5758.566003616636,704.6325411334552
237.0,3666.8256880733943,474.73818181818183
238.0,6100.504638218924,881.3375451263538
239.0,3995.1457564575644,375.30241187384047
240.0,3905.727927927928,378.3482944344704
241.0,5282.205405405405,572.8724954462659
242.0,3392.0900735294117,304.2865168539326
243.0,5894.694230769231,805.252446183953
244.0,4188.143911439114,443.00366972477065
245.0,7245.364140480591,822.1529850746268
246.0,5786.132854578097,782.4854545454546
247.0,7025.147272727273,568.1064220183487
248.0,6908.1669724770645,936.86
249.0,4257.014760147602,442.29650092081033
250.0,6696.1903881700555,538.5758683729433
251.0,15497.524680073126,1999.2550091074681
252.0,8876.877064220183,687.1534195933457
253.0,4775.436802973978,578.1310861423221
254.0,2372.5543278084715,210.98507462686567
255.0,5079.290909090909,528.5174953959485
256.0,8439.279926335175,1085.2343173431734
257.0,4552.118081180812,549.0751879699249
258.0,4576.313953488372,406.019801980198
259.0,10737.950276243095,2233.7685185185187
260.0,5452.829401088929,763.8814814814815
261.0,10439.875939849624,788.5057034220532
262.0,20647.98706099815,3452.108856088561
263.0,2806.920233463035,275.0473372781065
264.0,6042.355963302753,799.6728624535316
265.0,4018.8311926605506,416.65934065934067
266.0,3708.5698729582577,453.5911602209945
267.0,7680.13419117647,928.0385321100918
268.0,4001.39146567718,501.78308823529414
269.0,7763.001824817518,1029.0987202925046
270.0,7478.933701657458,978.2802197802198
271.0,6280.231329690346,651.6345454545454
272.0,5160.46897810219,523.2285191956124
273.0,5519.0,559.8237476808905
274.0,3688.185185185185,927.0924214417745
275.0,6216.031311154599,634.6921568627452
276.0,3442.7,439.8901303538175
277.0,5324.9110251450675,440.4990328820116
278.0,5840.29213483146,665.4003724394786
279.0,6838.03137254902,525.3603082851638
280.0,5190.404494382023,437.6429906542056
281.0,4792.267045454545,454.16885553470917
282.0,3637.9624060150377,545.0408921933085
283.0,5663.34705882353,584.2465483234714
284.0,4345.515625,368.4795321637427
285.0,4064.7673545966227,375.6259259259259
286.0,4176.110909090909,365.0380434782609
287.0,6655.280464216635,673.4685039370079
288.0,4565.203094777563,344.5359223300971
289.0,5296.914814814815,463.99812382739213
290.0,5732.21521335807,558.7145522388059
291.0,6641.8566037735845,703.356215213358
292.0,4676.319109461967,577.804104477612
293.0,5123.595903165736,677.087037037037
294.0,4693.819188191882,632.906191369606
295.0,4185.104283054004,537.2132352941177
296.0,5724.078610603291,636.0681399631676
297.0,5671.291208791209,591.5018248175182
298.0,6787.201171875,570.5968688845401
299.0,5639.544609665428,628.07326007326
300.0,5570.507246376812,699.8201834862385
301.0,4509.334565619223,495.62201834862384
302.0,2993.5914972273567,262.15201465201466
303.0,5002.375464684015,550.1375464684015
304.0,5850.782449725777,890.510054844607
305.0,3921.8156424581007,386.0073664825046
306.0,3581.7396449704142,386.10058027079305
307.0,2235.4715596330275,256.6985559566787
308.0,7800.890310786106,779.2264492753624
309.0,5647.767824497258,491.90573012939
310.0,7540.116451016635,660.4036697247707
311.0,5322.216822429907,646.1798165137615
312.0,4571.680297397769,444.3308411214953
313.0,5823.6691449814125,593.3970315398886
314.0,4212.524680073127,474.5729927007299
315.0,3488.1534195933455,371.57458563535914
316.0,8089.794871794872,745.8880733944954
317.0,4325.4607843137255,476.06496062992125
318.0,6156.135779816514,546.6046931407942
319.0,6415.841726618705,714.2018348623853
320.0,12051.656826568265,1695.48
321.0,4782.8490566037735,481.16885553470917
322.0,4121.022181146026,455.6437847866419
323.0,5931.454044117647,509.37023593466427
324.0,4753.21375464684,614.9650092081031
325.0,5399.417744916821,565.1963302752293
326.0,3932.078212290503,335.7229357798165
327.0,6126.026119402985,754.5894160583941
328.0,3600.387337057728,430.47672253258844
329.0,5621.928044280443,510.25836431226764
330.0,3389.097966728281,370.0816326530612
331.0,5413.018382352941,727.2686567164179
332.0,3090.6839186691313,415.71507352941177
333.0,7928.029962546817,1046.6623376623377
334.0,4468.455719557195,466.9137614678899
335.0,12972.122486288848,2397.374087591241
336.0,11579.96261682243,1639.0351201478743
337.0,4047.3100917431193,310.4007285974499
338.0,6066.12030075188,531.5308411214953
339.0,3824.7053406998157,524.0111524163568
340.0,5245.268602540835,590.8653136531366
341.0,4411.857407407408,607.8648148148148
342.0,8919.830078125,705.4571984435797
343.0,5661.24721189591,569.9448529411765
344.0,6818.847426470588,932.8379373848987
345.0,3764.2604562737642,412.76153846153846
346.0,5399.654611211573,499.5672727272727
347.0,3748.2504604051564,305.91107078039926
348.0,6700.597302504817,563.8139534883721
349.0,5352.112132352941,554.8502772643253
350.0,5769.260147601476,436.9981203007519
351.0,4815.720073664825,426.384476534296
352.0,5573.968518518518,536.325925925926
353.0,5070.941176470588,1342.257299270073
354.0,6751.7245283018865,575.5545112781955
355.0,7474.9312267658,910.6168224299065
356.0,4440.908592321755,347.43194192377496
357.0,6267.493554327809,847.3394495412844
358.0,8390.528233151184,924.2413793103449
359.0,5647.587155963302,506.59420289855075
360.0,5707.91847826087,634.0437158469946
361.0,5167.047619047619,532.4212454212454
362.0,7543.563405797101,925.3795620437957
363.0,5875.404805914973,784.7150837988827
364.0,3460.279112754159,448.1309963099631
365.0,4344.629411764706,476.4549019607843
366.0,5044.972426470588,497.1072088724584
367.0,4227.786516853933,439.54916512059367
368.0,7820.078066914498,581.5194085027726
369.0,5823.674676524954,492.6542056074766
370.0,6274.96897810219,527.0110294117648
371.0,5686.630597014925,451.74484052532836
372.0,7013.955035971223,623.851376146789
373.0,3602.994515539305,258.44117647058823
374.0,5778.226937269373,689.4492481203008
375.0,7395.294117647059,622.4798534798534
376.0,6885.281481481482,788.927374301676
377.0,6104.024074074074,775.2296296296296
378.0,4825.448979591837,754.4183486238533
379.0,3181.4172661870502,387.372513562387
380.0,12009.482882882883,1165.366972477064
381.0,7317.06884057971,800.8517179023509
382.0,6505.696461824953,535.1617647058823
383.0,14218.775280898877,1838.864312267658
384.0,6946.170731707317,807.8606403013183
385.0,5931.078740157481,533.8490196078432
386.0,7086.946886446886,564.4871323529412
387.0,7490.930970149254,979.0426716141002
388.0,8312.928832116788,901.3729433272395
389.0,8209.0131826742,1028.1515711645102
390.0,9445.462962962964,890.9384328358209
391.0,4649.785454545455,564.6853526220615
392.0,5833.266055045871,586.5977859778598
393.0,4874.19152854512,485.9981583793739
394.0,6699.175373134329,536.90036900369
395.0,3229.355839416058,424.04621072088725
396.0,8314.99633027523,890.2333333333333
397.0,4345.580882352941,605.8832116788321
398.0,4429.504587155963,505.1029411764706
399.0,4457.872380952381,465.10271317829455
400.0,7123.783882783883,993.5504587155963
401.0,5567.09074074074,524.8175046554935
402.0,4774.546931407942,505.5089928057554
403.0,6085.711359404097,605.4709090909091
404.0,3621.3123844731977,440.33576642335765
405.0,3701.733089579525,403.03853211009175
406.0,4513.173258003767,360.06679035250465
407.0,3111.6434108527133,251.9282945736434
408.0,3771.065176908752,379.23364485981307
409.0,4334.360957642725,432.90334572490707
410.0,5223.710865561694,665.0276752767528
411.0,7374.133455210238,571.9851301115242
412.0,7327.652427184466,524.6140350877193
413.0,5752.972386587771,730.8833992094861
414.0,5164.786106032907,398.20109689213893
415.0,5014.729090909091,423.764598540146
416.0,8914.844444444445,1147.327205882353
417.0,6537.962756052141,693.4160447761194
418.0,4268.093065693431,451.6040145985401
419.0,4332.274907749077,704.902394106814
420.0,3573.866019417476,320.2295719844358
421.0,7755.9205776173285,839.7830882352941
422.0,3710.965909090909,384.9925925925926
423.0,10793.059813084112,1909.5131578947369
424.0,5378.777163904236,606.3137614678899
425.0,2592.6163636363635,349.6873857404022
426.0,4150.831168831169,523.807763401109
427.0,6338.753398058252,635.9744094488188
428.0,5147.154150197628,438.9039215686274
429.0,4376.614785992218,352.82851637764935
430.0,6985.512974051896,572.864705882353
431.0,7668.0329670329675,822.7453874538745
432.0,8895.98137802607,1279.079335793358
433.0,4880.698706099815,561.5563636363636
434.0,7832.9296875,604.7543186180422
435.0,2772.673394495413,326.44890510948903
436.0,4551.739051094891,522.2909760589318
437.0,5926.336380255942,592.8194945848376
438.0,3996.2750455373407,416.3663003663004
439.0,6021.548913043478,745.8324225865209
440.0,4097.336380255942,482.06985294117646
441.0,4985.351648351649,559.6132596685082
442.0,3473.2775735294117,374.37453874538744
443.0,4213.882671480144,400.707182320442
444.0,9868.675229357797,1169.46875
445.0,7060.315985130112,1131.3738489871087
446.0,4037.1633027522935,536.4335793357934
447.0,4333.690607734807,514.1044776119403
448.0,6923.919475655431,612.489757914339
449.0,9431.249541284404,1297.5748175182482
450.0,7235.2394106814,912.0055452865065
451.0,4383.809782608696,376.8146788990826
452.0,4405.733944954129,411.94599627560524
453.0,7178.277467411545,856.3216266173753
454.0,4753.91833030853,587.713768115942
455.0,5681.446654611212,366.07608695652175
456.0,5185.587272727273,738.7771739130435
457.0,3797.0388349514565,342.0926640926641
458.0,6279.611829944547,579.2830540037244
459.0,7445.076208178439,937.5451127819549
460.0,3060.9368231046933,285.1107011070111
461.0,3993.733212341198,395.7153419593346
462.0,4031.644688644689,507.72242647058823
463.0,4960.0705009276435,798.5732838589981
464.0,8801.562730627305,1098.1531365313654
465.0,6241.729927007299,496.9778188539741
466.0,6256.827027027027,619.2184115523465
467.0,11168.317254174397,1351.0128676470588
468.0,5801.842883548983,667.8526119402985
469.0,9983.58208955224,1290.83908045977
470.0,10685.18888888889,1467.1148148148147
471.0,5799.702169625247,485.83040935672517
472.0,4275.550831792976,579.7045871559633
473.0,2909.852670349908,400.3663003663004
474.0,6218.204044117647,613.9007352941177
475.0,5321.177330895795,814.6370370370371
476.0,4823.346014492754,547.7765567765567
477.0,5060.735294117647,371.8137254901961
478.0,5575.891791044776,583.8284132841328
479.0,9100.776363636363,1099.952380952381
480.0,4071.3314711359403,518.4022346368715
481.0,3862.1451905626136,367.4304029304029
482.0,6933.968692449355,783.1282051282051
483.0,4077.779197080292,544.2087912087912
484.0,6291.6534296028885,610.1141804788214
485.0,3827.2876712328766,335.0673267326733
486.0,3455.1012891344385,428.81170018281534
487.0,5613.585766423358,554.7864963503649
488.0,3033.794007490637,323.21771217712177
489.0,5941.57299270073,540.6721611721612
490.0,6706.35260115607,878.8620689655172
491.0,5305.8351648351645,423.8345724907063
492.0,6245.116858237548,931.8368932038835
493.0,6453.2577696526505,638.8363970588235
494.0,7536.871323529412,1074.5823970037454
495.0,4123.263450834879,320.7137614678899
496.0,6264.531481481482,694.2218114602588
497.0,7397.241316270567,919.9089253187614
498.0,5663.098231827112,728.2834645669292
499.0,3979.961678832117,584.3494423791822
500.0,4148.582524271845,311.24038461538464
501.0,4524.179133858268,496.8158914728682
502.0,9029.120593692021,1266.321299638989
503.0,5343.213114754099,384.0073394495413
504.0,5443.891544117647,793.8015122873346
505.0,3872.2722323049,491.2062615101289
506.0,6404.560073937153,715.1146025878004
507.0,6851.476363636363,545.4755877034358
508.0,5223.8592592592595,525.3406593406594
509.0,5090.020257826887,435.3260473588342
510.0,6706.507407407407,705.4246323529412
511.0,4627.312849162011,665.5446265938069
512.0,5048.029527559055,1204.7848837209303
513.0,15501.788888888888,1796.486033519553
514.0,4514.78612716763,483.38206627680313
515.0,7243.178637200736,603.9225092250922
516.0,4665.962264150943,615.317843866171
517.0,4643.628415300546,513.3431734317343
518.0,4719.1,410.05263157894734
519.0,4271.007339449541,460.01284403669723
520.0,3089.113382899628,338.1908256880734
521.0,4184.918968692449,349.4861367837338
522.0,6599.787109375,512.8015873015873
523.0,13682.220588235294,1579.5499092558985
524.0,7017.5335820895525,751.4078947368421
525.0,8581.199255121042,734.5304990757855
526.0,8685.907441016334,1212.5732600732601
527.0,8676.070652173914,825.6896551724138
528.0,8664.322463768116,795.5359116022099
529.0,6289.080882352941,625.1779816513762
530.0,4253.464944649447,701.7375231053604
531.0,3902.4091743119266,488.0221811460259
532.0,8703.050092764379,1033.0681399631676
533.0,7513.970534069982,719.6648351648352
534.0,6096.201941747573,472.34104046242777
535.0,6615.873857404022,760.0748175182482
536.0,6820.329629629629,734.6014897579144
537.0,4329.8729281767955,478.8239700374532
538.0,3118.7212806026364,467.0281954887218
539.0,9248.57421875,948.5038759689922
540.0,4175.420542635659,297.7878192534381
541.0,5382.151291512915,691.4405850091408
542.0,5146.582352941176,440.02514506769825
543.0,2339.9177570093457,201.82998171846435
544.0,11879.77247706422,1593.9981481481482
545.0,8561.3125,852.4677716390423
546.0,11112.998098859316,1337.8260869565217
547.0,4603.816568047338,358.4538310412574
548.0,3919.7005545286506,319.6217712177122
549.0,3734.8956043956046,443.88665447897625
550.0,4654.578181818182,395.86727272727273
551.0,5360.983208955224,819.9521178637201
552.0,6428.121771217712,576.8186813186813
553.0,5582.899635036496,512.0219378427788
554.0,3390.215189873418,419.1284403669725
555.0,4458.911067193676,412.2577519379845
556.0,5745.576146788991,670.659217877095
557.0,3665.7710622710624,573.4452830188679
558.0,2750.7363465160074,390.7348484848485
559.0,4825.646630236794,625.5930656934306
560.0,10152.433085501858,1243.7127071823204
561.0,5730.059040590406,568.9761467889908
562.0,17916.451197053408,3113.946494464945
563.0,4676.863387978142,603.6666666666666
564.0,4387.739622641509,389.2849056603774
565.0,5334.975925925926,647.7504621072088
566.0,3831.7833333333333,440.15896487985214
567.0,4361.305400372439,562.7947269303202
568.0,3798.118959107807,328.40255009107466
569.0,3780.4032549728754,551.2022263450834
570.0,3880.8694852941176,561.8003766478342
571.0,6102.858800773694,467.2
572.0,5602.725135623869,470.0018348623853
573.0,3284.771484375,279.34296724470136
574.0,7251.528440366972,548.4537037037037
575.0,4310.003846153846,400.5211538461538
576.0,5634.10701107011,789.8047016274865
577.0,4151.931283905968,506.94394213381554
578.0,7632.054844606947,732.9068901303539
579.0,6882.342440801457,762.6963636363637
580.0,8672.055658627087,1376.9442379182155
581.0,4419.075229357798,490.7352941176471
582.0,5818.994505494506,721.1742286751361
583.0,3568.4118738404454,372.6261682242991
584.0,3815.500934579439,354.2815356489945
585.0,5098.36880733945,770.8186813186813
586.0,11999.649253731342,1895.5533088235295
587.0,7549.990310077519,552.0196078431372
588.0,4990.672794117647,548.5650557620818
589.0,3337.4826325411336,363.1211009174312
590.0,4047.254113345521,324.9406474820144
591.0,4696.179487179487,418.61974405850094
592.0,3647.251851851852,474.90555555555557
593.0,7790.524953789279,1023.5824175824176
594.0,3362.7435424354244,373.7040441176471
595.0,12167.201096892139,1441.8605504587156
596.0,3585.810564663024,562.8929889298893
597.0,4043.165120593692,592.6011131725418
598.0,4824.859375,603.6830708661417
599.0,8050.525925925926,726.3841911764706
600.0,5588.515769944342,506.17843866171006
601.0,3983.337614678899,327.329650092081
602.0,5120.89598540146,506.1510128913444
603.0,5360.613259668508,735.1284403669724
604.0,6604.128968253968,496.98238747553813
605.0,5673.013133208256,417.77959927140256
606.0,4864.645220588235,520.1973684210526
607.0,3227.0601092896177,344.1297989031079
608.0,7529.116788321168,781.8285198555957
609.0,3756.9160583941607,415.6636363636364
610.0,3433.728782287823,426.8171846435101
611.0,4714.816046966732,404.8243243243243
612.0,5569.930501930502,348.9526627218935
613.0,5542.9048507462685,833.9704797047971
614.0,5394.38018018018,775.4014336917563
615.0,8031.951940850277,1025.4378478664194
616.0,7022.792660550459,700.7523105360443
617.0,5153.047794117647,473.3240740740741
618.0,5451.52037037037,408.316758747698
619.0,3501.4615384615386,353.527724665392
620.0,6152.453488372093,566.6818181818181
621.0,4778.273062730627,658.1330935251799
622.0,3512.348708487085,354.52602230483274
623.0,5776.810055865922,670.8248587570622
624.0,5764.6617915904935,568.3241758241758
625.0,5170.933701657458,507.84082397003743
626.0,7754.467166979362,692.4357541899441
627.0,4724.512773722628,498.84162062615104
628.0,5172.473197781886,640.2550458715597
629.0,6699.631163708087,599.0905587668593
630.0,5700.098513011152,663.675925925926
631.0,4275.852727272727,519.2961608775137
632.0,5667.3907407407405,740.8423005565862
633.0,5867.624758220503,450.287109375
634.0,5374.427787934186,525.9136029411765
635.0,4817.490942028986,495.5404411764706
636.0,4748.352362204724,583.8019607843137
637.0,7021.98828125,562.9233791748527
638.0,4809.816046966732,410.2990291262136
639.0,3969.479704797048,404.87617260787994
640.0,9321.759704251386,724.724584103512
641.0,4789.433272394881,453.5985267034991
642.0,2991.7854545454547,396.7904411764706
643.0,6560.869003690037,843.0477064220183
644.0,7409.019417475728,831.6628571428571
645.0,8863.408088235294,1119.7591240875913
646.0,4101.15503875969,577.6537717601548
647.0,4689.703839122486,560.2189239332097
648.0,5403.014732965009,518.1789667896679
649.0,2984.3480662983425,324.7918215613383
650.0,5218.315280464217,552.328793774319
651.0,6146.788888888889,781.4091743119266
652.0,5275.327171903882,555.8293135435993
653.0,4832.4231464737795,414.8363636363636
654.0,5263.288073394496,565.8342541436464
655.0,6273.19741697417,543.1392405063291
656.0,2647.9644194756556,311.1205936920223
657.0,4772.714025500911,619.37707948244
658.0,5075.601489757914,504.7636022514071
659.0,4716.1398865784495,580.7730627306273
660.0,3620.998031496063,400.6962524654832
661.0,5659.889705882353,469.6330275229358
662.0,6970.314990512334,642.9295238095239
663.0,3267.6795580110497,461.9449541284404
664.0,3910.478504672897,486.2730627306273
665.0,6709.780621572212,1045.9326047358834
666.0,5635.807553956834,529.0576576576576
667.0,7228.538461538462,659.4851851851852
668.0,7339.923636363636,968.1703296703297
669.0,3613.37890625,320.3779069767442
670.0,5366.767578125,572.6705882352941
671.0,4594.377690802348,471.4347826086956
672.0,7288.983695652174,1179.513611615245
673.0,5504.586715867159,462.43518518518516
674.0,6576.938405797101,833.102752293578
675.0,3707.7587476979743,393.8336448598131
676.0,6578.668528864059,1501.8022181146025
677.0,6835.336594911937,551.9590643274854
678.0,5821.094095940959,665.107861060329
679.0,8123.304104477612,877.2349726775956
680.0,4243.378478664193,658.2384473197782
681.0,2763.2361623616234,389.89074074074074
682.0,11014.598880597016,1754.325278810409
683.0,7918.883116883117,752.1197053406999
684.0,5978.603053435115,490.2321083172147
685.0,6023.71322160149,540.9888268156425
686.0,5135.640977443609,623.7844990548205
687.0,6551.903881700555,588.3110307414105
688.0,2950.263736263736,303.2611111111111
689.0,5967.645101663586,601.8787313432836
690.0,4524.486136783734,642.8829981718465
691.0,6933.766791044776,520.2578268876612
692.0,5493.5,666.0299065420561
693.0,5408.827777777778,403.7779850746269
694.0,6494.216,629.8147410358566
695.0,4349.245421245421,427.9628252788104
696.0,6180.379373848987,817.1856617647059
697.0,8497.257246376812,819.5580110497237
698.0,12579.834586466166,1587.4128787878788
699.0,7008.558659217877,839.7749077490774
700.0,3328.1546961325967,409.3064220183486
701.0,4622.352250489237,515.4241245136187
702.0,3600.3969171483623,285.27893738140415
703.0,2684.3400365630714,289.1305147058824
704.0,8347.318098720292,869.2472527472528
705.0,6470.507462686567,793.638418079096
706.0,4680.235408560311,433.5692307692308
707.0,6709.5641025641025,753.4487179487179
708.0,2877.682481751825,327.08502772643254
709.0,8091.595547309833,1069.8828996282527
710.0,3631.102661596958,301.09980806142033
711.0,5730.6884615384615,424.66537717601545
712.0,5353.949416342412,476.60428849902536
713.0,9213.433579335793,1133.5981651376146
714.0,3417.2655677655675,254.66360294117646
715.0,5287.578467153285,557.1909909909909
716.0,4675.488416988417,376.37598425196853
717.0,4424.8074074074075,452.83918669131236
718.0,6513.056880733945,714.7449168207024
719.0,4487.86213592233,381.55029585798815
720.0,5879.489051094891,604.5923217550275
721.0,6222.431734317343,627.987037037037
722.0,8188.258241758242,1320.2909760589318
723.0,5395.781651376147,447.1454545454545
724.0,5453.7790055248615,573.0940959409594
725.0,4691.121495327103,495.21139705882354
726.0,9031.513661202185,884.7065217391304
727.0,3693.306691449814,374.99079189686927
728.0,4213.060037523453,377.87615526802216
729.0,8518.771535580525,880.9871559633027
730.0,6931.940850277264,854.5027422303474
731.0,7582.53382084095,789.364312267658
732.0,5356.471590909091,612.3526119402985
733.0,14637.460980036298,3402.148623853211
734.0,5064.711610486891,486.2929104477612
735.0,4472.412523020258,444.43413729128014
736.0,4238.690661478599,417.24461839530335
737.0,4978.704460966543,751.7650273224044
738.0,6890.290203327172,571.0702402957486
739.0,7436.476007677543,610.282982791587
740.0,5636.103260869565,412.92934782608694
741.0,6128.772563176895,749.959927140255
742.0,6407.205714285714,705.2908067542214
743.0,3091.609489051095,346.7116451016636
744.0,5780.557471264367,650.7698259187621
745.0,6101.29889298893,594.8687615526802
746.0,4583.730841121495,395.7560975609756
747.0,6460.992495309569,575.5893186003683
748.0,4737.405607476636,406.4037037037037
749.0,4489.952813067151,554.9537892791127
750.0,4003.5038910505837,325.78886756238006
751.0,3542.136279926335,483.77777777777777
752.0,4303.022099447514,386.40665434380776
753.0,7199.613259668508,633.531954887218
754.0,6881.530275229357,840.2709090909091
755.0,8423.22965641953,730.2220183486238
756.0,13418.709618874773,1915.7476979742173
757.0,4806.150735294118,420.58921933085503
758.0,3940.6770642201836,524.5740402193784
759.0,5625.215328467153,638.4852941176471
760.0,6204.594594594595,1005.7339449541284
761.0,7150.509328358209,818.5714285714286
762.0,2895.294010889292,293.4750462107209
763.0,4956.960072595281,485.9502762430939
764.0,2661.6190476190477,308.969868173258
765.0,6799.153988868275,584.9158878504672
766.0,4844.692307692308,420.4186507936508
767.0,4957.962162162162,512.9798165137614
768.0,10660.555147058823,1117.890942698706
769.0,10141.950458715597,2927.230072463768
770.0,5458.957798165137,620.507299270073
771.0,5444.692307692308,566.6679462571977
772.0,2776.9908256880735,385.95628415300547
773.0,4945.494525547445,680.5581395348837
774.0,4539.882462686567,598.101663585952
775.0,7154.264478764479,514.1906614785992
776.0,3857.3191094619665,433.5621521335807
777.0,3007.2091743119267,271.23765996343695
778.0,4850.883587786259,665.9192307692308
779.0,5801.136029411765,578.7945454545454
780.0,5330.81146025878,652.1527001862197
781.0,4050.383333333333,550.2635514018691
782.0,4380.0914179104475,416.00927643784786
783.0,5519.386156648452,556.7235621521336
784.0,6623.114391143911,709.1996336996338
785.0,4912.675229357798,436.8690909090909
786.0,2949.6617375231053,469.1996303142329
787.0,8221.486988847584,932.8576709796673
788.0,14859.510018214936,1427.1959706959708
789.0,2631.585635359116,376.76937269372695
790.0,6014.370998116761,554.1152416356878
791.0,5986.405109489051,638.735883424408
792.0,6158.096892138939,580.0344202898551
793.0,3887.7531992687386,372.09981851179674
794.0,2419.456400742115,422.214552238806
795.0,3716.254972875226,382.1449275362319
796.0,5797.049090909091,541.0296296296297
797.0,3150.115163147793,316.8757281553398
798.0,5997.6,742.1879562043796
799.0,8091.445471349353,740.6935779816514
800.0,4690.381215469613,439.1831501831502
801.0,3933.3278985507245,388.8081180811808
802.0,5585.100538599641,431.2758620689655
803.0,4948.907608695652,413.5045045045045
804.0,3946.259765625,360.4816247582205
805.0,5179.4254901960785,490.5108055009823
806.0,5543.8996138996135,432.8506876227898
807.0,8042.360805860806,811.3174311926606
808.0,5830.987012987013,492.98713235294116
809.0,7685.1977818853975,662.6108007448789
810.0,4891.58455882353,405.4805194805195
811.0,3418.6899082568807,569.1787709497206
812.0,5233.032906764168,646.4917431192661
813.0,4701.117100371747,536.9925925925926
814.0,6976.589416058394,572.8239564428312
815.0,7563.73346303502,732.3882352941176
816.0,4321.678966789668,625.7012987012987
817.0,18793.767924528303,2735.845864661654
818.0,4833.217391304348,512.1345794392523
819.0,5060.646950092421,449.98706099815155
820.0,10002.606237816764,909.05078125
821.0,5656.5254545454545,711.7849264705883
822.0,6456.82752293578,539.6843065693431
823.0,4606.087751371115,464.1645569620253
824.0,5386.914972273567,675.0295748613678
825.0,3583.919921875,428.3398058252427
826.0,7025.712406015037,627.3728813559322
827.0,9910.47349177331,1327.947463768116
828.0,4238.4716636197445,487.4632352941176
829.0,4905.539449541285,660.9944444444444
830.0,4934.014440433213,427.13543599257883
831.0,10460.239410681399,1304.946983546618
832.0,5414.70349907919,456.99261992619927
833.0,4502.072859744991,419.6025641025641
834.0,4839.302025782688,527.8964879852126
835.0,4062.2372262773724,541.675925925926
836.0,4826.796672828096,591.450184501845
837.0,2304.8169811320754,320.1731123388582
838.0,6352.710669077757,665.5911602209944
839.0,4529.537892791128,566.5322283609577
840.0,6184.885185185185,894.6635514018692
841.0,2522.140221402214,349.3604436229205
842.0,14816.360557768925,937.2043222003929
843.0,8091.304672897196,955.4011090573013
844.0,3430.4888475836433,387.11009174311926
845.0,3912.9962686567164,297.19633027522934
846.0,7524.561818181818,723.9815837937385
847.0,5812.203773584905,839.4629629629629
848.0,5188.896103896104,598.4880733944954
849.0,6530.016759776537,729.5
850.0,4976.2598130841125,542.1221804511279
851.0,4534.773809523809,395.4302554027505
852.0,3827.2624768946393,491.6259259259259
853.0,7490.235294117647,827.8487084870849
854.0,5484.93115942029,572.3664259927798
855.0,4646.598890942699,496.7974217311234
856.0,5998.348540145986,807.2779850746268
857.0,5767.333944954128,738.1490909090909
858.0,3821.109375,342.36750483558995
859.0,5979.988047808765,583.9291338582677
860.0,4481.77205882353,575.7098540145986
861.0,2618.5941499085925,390.13138686131384
862.0,7181.472727272727,952.8228980322003
863.0,7113.168190127971,866.3548983364141
864.0,3509.2422018348625,489.10661764705884
865.0,6048.020183486238,518.4277777777778
866.0,5498.588235294118,396.61844484629296
867.0,3875.5716945996273,376.5261194029851
868.0,7849.864814814815,545.7904411764706
869.0,4920.849090909091,725.4789762340037
870.0,5567.7692307692305,705.4945454545455
871.0,4849.148897058823,379.6852886405959
872.0,7378.05223880597,702.9420560747664
873.0,3139.817679558011,378.54627949183305
874.0,3672.5489833641404,409.77064220183485
875.0,4231.333333333333,393.98890942698705
876.0,7439.265454545454,842.2669104204754
877.0,5320.192090395481,741.2209737827716
878.0,7141.042435424354,661.6098901098901
879.0,3034.96449704142,283.3041749502982
880.0,6055.975970425138,638.7728937728938
881.0,3418.3883677298313,514.9906367041199
882.0,5450.435272045028,699.025974025974
883.0,3896.6526508226693,412.1166666666667
884.0,4297.473581213308,414.9
885.0,4026.2952029520297,550.2899082568807
886.0,5234.72625698324,496.314606741573
887.0,5522.623161764706,466.78558225508317
888.0,6303.91376146789,597.5469613259669
889.0,3349.559633027523,374.20856610800746
890.0,4544.604247104247,355.25244618395305
891.0,6632.4066543438075,920.8156934306569
892.0,6189.298148148148,638.7504621072088
893.0,5260.179133858268,687.306640625
894.0,6881.52,843.7590579710145
895.0,7441.229755178908,713.246679316888
896.0,5708.752767527675,901.3216266173753
897.0,2844.5036764705883,271.97614678899083
898.0,5475.326568265683,590.2250453720508
899.0,4365.138059701492,474.1792452830189
900.0,4658.949119373777,444.130604288499
901.0,5991.782051282052,542.1115173674589
902.0,4083.4383561643835,530.6065891472869
903.0,9579.595284872299,678.5703125
904.0,4914.529182879377,430.2814960629921
905.0,7926.180297397769,1156.4709090909091
906.0,9235.906077348067,1072.2653429602888
907.0,4893.335766423358,661.0347985347985
908.0,3534.071038251366,305.2686025408348
909.0,8494.631163708087,831.65
910.0,4527.221206581353,467.72037037037035
911.0,8034.797421731123,751.438077634011
912.0,4695.717948717948,624.1933701657458
913.0,7439.438077634011,960.8940520446097
914.0,7854.833638025594,960.8127272727273
915.0,5098.014028056112,423.302
916.0,4329.062730627306,579.8650646950092
917.0,5562.35,618.2518518518518
918.0,4227.18795620438,459.1173184357542
919.0,4517.490384615385,555.9025341130605
920.0,4446.566990291262,458.8891089108911
921.0,8090.4537037037035,954.6333333333333
922.0,6021.623636363636,581.4405850091408
923.0,4352.233885819521,528.7472324723248
924.0,3953.4065335753176,375.4754098360656
925.0,5296.051470588235,949.9835766423357
926.0,5789.157798165138,439.80797101449275
927.0,5252.709023941068,708.1191806331472
928.0,6473.525547445255,571.5480943738658
929.0,4785.1845018450185,593.1744604316547
930.0,5944.093457943925,975.373358348968
931.0,3275.88160291439,410.21256931608133
932.0,6058.20233463035,602.3513513513514
933.0,5904.0091743119265,748.0461254612546
934.0,5539.194192377496,563.1141804788214
935.0,4510.092081031307,493.56433823529414
936.0,5932.515769944342,755.3278388278388
937.0,5834.527777777777,480.7211009174312
938.0,7759.289134438306,793.2420856610801
939.0,4914.304990757856,476.5267034990792
940.0,5707.284132841329,598.6780575539568
941.0,3997.5127701375245,452.0978473581213
942.0,4835.931860036832,380.4165137614679
943.0,5587.300184162063,494.2014652014652
944.0,6588.079044117647,1031.9060773480662
945.0,3628.667863554758,444.42987249544626
946.0,3507.253234750462,446.86802973977694
947.0,6906.944649446495,945.1688073394496
948.0,6234.214156079855,1599.8318098720292
949.0,4474.43438077634,413.73260073260076
950.0,4694.476102941177,462.68761552680223
951.0,6177.7226277372265,573.1669724770642
952.0,5437.513779527559,440.7248062015504
953.0,4314.301470588235,451.7038391224863
954.0,5647.096654275093,753.0839552238806
955.0,3630.309523809524,357.1819852941176
956.0,3380.5652985074626,428.5149253731343
957.0,6403.226691042048,698.0217391304348
958.0,3642.2166666666667,483.7185185185185
959.0,5855.603703703704,620.2707182320441
960.0,5419.384044526902,450.6616541353383
961.0,5296.5690607734805,563.3499079189687
962.0,5274.361313868613,734.2068965517242
963.0,8753.837937384898,838.8518518518518
964.0,8017.250467289719,1174.3140186915887
965.0,6940.27797833935,761.9613970588235
966.0,3891.0556586270873,501.55822550831795
967.0,7406.524861878453,806.0547445255474
968.0,5874.7779850746265,722.9721189591078
969.0,2533.92037037037,446.76623376623377
970.0,2793.792279411765,342.1966911764706
971.0,6688.560073937153,818.2166666666667
972.0,2381.9069343065694,274.5992714025501
973.0,4805.554104477612,603.8717472118959
974.0,9210.589494163423,1259.1637764932564
975.0,6388.632352941177,615.5253623188406
976.0,5701.138059701492,592.467032967033
977.0,3999.2120622568095,425.2280701754386
978.0,5688.65988909427,780.1127272727273
979.0,4952.069216757742,519.2118491921005
980.0,5836.805860805861,464.15412844036695
981.0,5931.628252788104,620.748623853211
982.0,6540.038391224863,565.040366972477
983.0,9193.09778597786,1244.9321100917432
984.0,4821.523897058823,604.2555555555556
985.0,6812.994485294118,631.1492537313433
986.0,5561.384758364312,746.902394106814
987.0,5664.778793418647,722.4438305709024
988.0,3979.5510204081634,613.279197080292
989.0,4263.434362934363,473.52054794520546
990.0,5257.505494505494,474.148623853211
991.0,4672.161764705882,443.63082437275983
992.0,4785.5317164179105,601.135687732342
993.0,6202.082720588235,631.2627737226277
994.0,3542.3068391866914,353.00187265917606
995.0,7400.479779411765,642.1765799256506
996.0,5024.849264705882,555.1104868913858
997.0,4296.212962962963,345.6512915129151
998.0,3536.1794392523366,445.70588235294116
999.0,7607.805914972274,555.3694852941177
1000.0,6161.7734375,561.3776908023483
1001.0,4302.694444444444,507.8685185185185
1002.0,4825.0780399274045,579.9119266055046
1003.0,6223.07299270073,661.2820512820513
1004.0,4097.323699421965,359.0498084291188
1005.0,5090.82169117647,773.9478584729982
1006.0,5044.0950639853745,700.7822878228782
1007.0,5568.001828153565,663.2577132486389
1008.0,4304.987155963303,595.0514705882352
1009.0,3916.3365949119375,384.17543859649123
1010.0,7161.380692167578,658.3443830570902
1011.0,6542.065666041276,794.1233644859813
1012.0,5000.444874274662,426.61417322834643
1013.0,3318.381040892193,376.590405904059
1014.0,10142.60780669145,1130.3794392523364
1015.0,4836.610800744879,401.96520146520146
1016.0,4298.337037037037,409.09191176470586
1017.0,5883.132007233273,829.6407407407407
1018.0,9738.719266055046,1136.0404411764705
1019.0,7520.365570599613,628.1414728682171
1020.0,7629.330935251798,955.3909090909091
1021.0,7079.251838235294,851.9815157116451
1022.0,5887.083179297597,669.1948051948052
1023.0,5169.780797101449,533.3533697632058
1024.0,5019.71719038817,652.1611111111112
1025.0,6145.797773654916,716.7889908256881
1026.0,7782.339416058394,984.1407678244973
1027.0,10693.459615384616,1381.1070745697896
1028.0,3715.0415162454874,448.0397830018083
1029.0,4419.684112149533,626.8382899628252
1030.0,2961.711111111111,278.007476635514
1031.0,3923.7171532846714,343.7985212569316
1032.0,7528.670289855072,814.5262206148282
1033.0,11357.431985294117,1077.1958955223881
1034.0,5329.810861423221,606.8345724907064
1035.0,4030.9361313868612,484.00363636363636
1036.0,3934.720887245841,381.9580291970803
1037.0,5796.36312849162,744.9652014652015
1038.0,4869.269005847953,424.49312377210214
1039.0,6463.69944341373,829.8378870673953
1040.0,7105.870437956204,724.3497267759562
1041.0,4963.562015503876,539.3679060665362
1042.0,3366.4879406307978,453.29963235294116
1043.0,7386.870056497175,1021.6142322097378
1044.0,5436.0204081632655,740.6617647058823
1045.0,6904.451376146789,852.4146788990826
1046.0,6935.157116451017,552.2807971014493
1047.0,3955.8203703703703,431.5524861878453
1048.0,5439.592727272728,428.2609489051095
1049.0,3311.301960784314,526.9670542635658
1050.0,6116.296903460838,427.4125230202578
1051.0,5885.3003663003665,806.9330855018587
1052.0,5905.072356215213,634.7219152854512
1053.0,7335.86827458256,838.0110497237569
1054.0,4844.834244080146,511.0237659963437
1055.0,6516.397435897436,823.4652014652015
1056.0,2944.391304347826,288.3235867446394
1057.0,5249.965073529412,531.3476635514019
1058.0,5943.1407407407405,580.1321100917431
1059.0,6734.870201096892,946.5055147058823
1060.0,5932.25871559633,706.4981549815498
1061.0,5641.394881170018,434.5446265938069
1062.0,5276.167883211679,492.0587155963303
1063.0,3376.970802919708,436.3370165745856
1064.0,7638.143925233645,876.6844036697248
1065.0,3394.1586073500966,394.83300970873785
1066.0,9150.380434782608,950.3424408014572
1067.0,4585.96875,395.82213438735175
1068.0,3521.185046728972,249.0705009276438
1069.0,5108.5298507462685,663.4254143646409
1070.0,5659.574387947269,716.868029739777
1071.0,4894.674115456239,603.6913123844732
1072.0,5515.950549450549,526.4225092250922
1073.0,5595.594149908592,730.2838589981448
1074.0,4122.082266910421,457.0092250922509
1075.0,9483.333944954129,911.1857923497267
1076.0,2790.122641509434,432.8471698113208
1077.0,3655.2575187969924,408.05027932960894
1078.0,5214.974121996303,412.18232044198896
1079.0,7309.127102803738,574.7666666666667
1080.0,8266.52559055118,688.7637795275591
1081.0,4055.6003649635036,653.1021897810219
1082.0,5821.005474452555,864.6406533575317
1083.0,3931.2289377289376,280.9721706864564
1084.0,5227.1981651376145,680.0550458715596
1085.0,6427.975700934579,653.8401486988847
1086.0,7253.014953271028,768.874531835206
1087.0,5068.4047619047615,501.12384473197784
1088.0,4103.775894538607,397.3126142595978
1089.0,8260.751851851852,820.6551094890511
1090.0,5227.200371057514,646.6025878003696
1091.0,6683.665447897623,565.5890909090909
1092.0,9557.083011583012,950.3532818532818
1093.0,6764.712204007286,722.0201834862386
1094.0,3625.948919449902,301.559686888454
1095.0,3862.8382352941176,557.348623853211
1096.0,4188.725598526704,507.05128205128204
1097.0,9396.216266173753,2425.9443413729127
1098.0,4317.384615384615,591.4097744360902
1099.0,7312.876865671642,941.4368029739777
1100.0,4515.4963099630995,567.925788497217
1101.0,8141.623134328358,821.7348066298342
1102.0,5697.572277227723,577.418
1103.0,3845.260628465804,300.2725598526703
1104.0,4486.6905222437135,355.92884615384617
1105.0,3412.02052238806,390.59780621572213
1106.0,3990.5530726256984,462.1880819366853
1107.0,5092.172549019608,548.743137254902
1108.0,4647.730909090909,491.976320582878
1109.0,4022.8557504873293,373.752417794971
1110.0,3616.7682242990654,440.58691588785047
1111.0,4521.609576427256,393.3218181818182
1112.0,9000.635531135531,724.807763401109
1113.0,5394.079854809437,599.3649635036496
1114.0,16765.700554528652,2659.042201834862
1115.0,4868.93956043956,336.0757855822551
